filename,class,class_name,original_file
/home/nery/desafio_agscan/maturity_classes_final/1_dark_green/1_crop_2308_2882_2386_2955_0.85.jpg,0,1_dark_green,crop_2308_2882_2386_2955_0.85.jpg
/home/nery/desafio_agscan/maturity_classes_final/2_yellowish_green/2_crop_1761_1630_1850_1720_0.63.jpg,1,2_yellowish_green,crop_1761_1630_1850_1720_0.63.jpg
/home/nery/desafio_agscan/maturity_classes_final/3_light_orange/3_crop_2271_1915_2334_1987_0.46.jpg,2,3_light_orange,crop_2271_1915_2334_1987_0.46.jpg
/home/nery/desafio_agscan/maturity_classes_final/4_ripe_orange/4_crop_2392_2896_2478_2980_0.84.jpg,3,4_ripe_orange,crop_2392_2896_2478_2980_0.84.jpg
/home/nery/desafio_agscan/maturity_classes_final/1_dark_green/1_crop_2819_1358_2920_1461_0.91.jpg,0,1_dark_green,crop_2819_1358_2920_1461_0.91.jpg
/home/nery/desafio_agscan/maturity_classes_final/2_yellowish_green/2_crop_1470_882_1544_979_0.70.jpg,1,2_yellowish_green,crop_1470_882_1544_979_0.70.jpg
/home/nery/desafio_agscan/maturity_classes_final/3_light_orange/3_crop_2764_1547_2857_1654_0.81.jpg,2,3_light_orange,crop_2764_1547_2857_1654_0.81.jpg
/home/nery/desafio_agscan/maturity_classes_final/4_ripe_orange/4_crop_1257_127_1377_223_0.37.jpg,3,4_ripe_orange,crop_1257_127_1377_223_0.37.jpg
/home/nery/desafio_agscan/maturity_classes_final/1_dark_green/1_crop_106_477_164_528_0.74.jpg,0,1_dark_green,crop_106_477_164_528_0.74.jpg
/home/nery/desafio_agscan/maturity_classes_final/2_yellowish_green/2_crop_2279_2224_2410_2350_0.80.jpg,1,2_yellowish_green,crop_2279_2224_2410_2350_0.80.jpg
/home/nery/desafio_agscan/maturity_classes_final/3_light_orange/3_crop_679_729_789_810_0.69.jpg,2,3_light_orange,crop_679_729_789_810_0.69.jpg
/home/nery/desafio_agscan/maturity_classes_final/4_ripe_orange/4_crop_506_1772_718_1973_0.91.jpg,3,4_ripe_orange,crop_506_1772_718_1973_0.91.jpg
/home/nery/desafio_agscan/maturity_classes_final/1_dark_green/1_crop_2915_718_2957_754_0.42.jpg,0,1_dark_green,crop_2915_718_2957_754_0.42.jpg
/home/nery/desafio_agscan/maturity_classes_final/2_yellowish_green/2_crop_2088_1238_2173_1311_0.81.jpg,1,2_yellowish_green,crop_2088_1238_2173_1311_0.81.jpg
/home/nery/desafio_agscan/maturity_classes_final/3_light_orange/3_crop_2763_2157_2881_2302_0.83.jpg,2,3_light_orange,crop_2763_2157_2881_2302_0.83.jpg
/home/nery/desafio_agscan/maturity_classes_final/4_ripe_orange/4_crop_145_64_208_118_0.42.jpg,3,4_ripe_orange,crop_145_64_208_118_0.42.jpg
/home/nery/desafio_agscan/maturity_classes_final/1_dark_green/1_crop_2762_1064_2821_1114_0.73.jpg,0,1_dark_green,crop_2762_1064_2821_1114_0.73.jpg
/home/nery/desafio_agscan/maturity_classes_final/2_yellowish_green/2_crop_1163_3294_1315_3432_0.90.jpg,1,2_yellowish_green,crop_1163_3294_1315_3432_0.90.jpg
/home/nery/desafio_agscan/maturity_classes_final/3_light_orange/3_crop_1747_632_1806_690_0.32.jpg,2,3_light_orange,crop_1747_632_1806_690_0.32.jpg
/home/nery/desafio_agscan/maturity_classes_final/4_ripe_orange/4_crop_2465_2705_2557_2798_0.56.jpg,3,4_ripe_orange,crop_2465_2705_2557_2798_0.56.jpg
/home/nery/desafio_agscan/maturity_classes_final/1_dark_green/1_crop_140_72_215_140_0.46.jpg,0,1_dark_green,crop_140_72_215_140_0.46.jpg
/home/nery/desafio_agscan/maturity_classes_final/2_yellowish_green/2_crop_1835_1668_1956_1779_0.90.jpg,1,2_yellowish_green,crop_1835_1668_1956_1779_0.90.jpg
/home/nery/desafio_agscan/maturity_classes_final/3_light_orange/3_crop_1794_3169_1921_3281_0.92.jpg,2,3_light_orange,crop_1794_3169_1921_3281_0.92.jpg
/home/nery/desafio_agscan/maturity_classes_final/4_ripe_orange/4_crop_2806_1284_2856_1336_0.31.jpg,3,4_ripe_orange,crop_2806_1284_2856_1336_0.31.jpg
/home/nery/desafio_agscan/maturity_classes_final/1_dark_green/1_crop_2211_733_2268_797_0.78.jpg,0,1_dark_green,crop_2211_733_2268_797_0.78.jpg
/home/nery/desafio_agscan/maturity_classes_final/2_yellowish_green/2_crop_1209_3638_1330_3722_0.40.jpg,1,2_yellowish_green,crop_1209_3638_1330_3722_0.40.jpg
/home/nery/desafio_agscan/maturity_classes_final/3_light_orange/3_crop_1767_1226_1841_1305_0.48.jpg,2,3_light_orange,crop_1767_1226_1841_1305_0.48.jpg
/home/nery/desafio_agscan/maturity_classes_final/4_ripe_orange/4_crop_1570_708_1638_770_0.38.jpg,3,4_ripe_orange,crop_1570_708_1638_770_0.38.jpg
/home/nery/desafio_agscan/maturity_classes_final/1_dark_green/1_crop_2304_1183_2395_1265_0.84.jpg,0,1_dark_green,crop_2304_1183_2395_1265_0.84.jpg
/home/nery/desafio_agscan/maturity_classes_final/2_yellowish_green/2_crop_2933_3059_3005_3110_0.40.jpg,1,2_yellowish_green,crop_2933_3059_3005_3110_0.40.jpg
/home/nery/desafio_agscan/maturity_classes_final/3_light_orange/3_crop_845_3093_1042_3271_0.91.jpg,2,3_light_orange,crop_845_3093_1042_3271_0.91.jpg
/home/nery/desafio_agscan/maturity_classes_final/4_ripe_orange/4_crop_1752_2790_1927_2921_0.85.jpg,3,4_ripe_orange,crop_1752_2790_1927_2921_0.85.jpg
/home/nery/desafio_agscan/maturity_classes_final/1_dark_green/1_crop_2719_2469_2838_2584_0.90.jpg,0,1_dark_green,crop_2719_2469_2838_2584_0.90.jpg
/home/nery/desafio_agscan/maturity_classes_final/2_yellowish_green/2_crop_90_112_263_281_0.81.jpg,1,2_yellowish_green,crop_90_112_263_281_0.81.jpg
/home/nery/desafio_agscan/maturity_classes_final/3_light_orange/3_crop_1811_721_1928_816_0.68.jpg,2,3_light_orange,crop_1811_721_1928_816_0.68.jpg
/home/nery/desafio_agscan/maturity_classes_final/4_ripe_orange/4_crop_1345_841_1456_930_0.40.jpg,3,4_ripe_orange,crop_1345_841_1456_930_0.40.jpg
/home/nery/desafio_agscan/maturity_classes_final/1_dark_green/1_crop_848_1503_957_1610_0.79.jpg,0,1_dark_green,crop_848_1503_957_1610_0.79.jpg
/home/nery/desafio_agscan/maturity_classes_final/2_yellowish_green/2_crop_1316_938_1431_1025_0.86.jpg,1,2_yellowish_green,crop_1316_938_1431_1025_0.86.jpg
/home/nery/desafio_agscan/maturity_classes_final/3_light_orange/3_crop_1242_3276_1340_3374_0.36.jpg,2,3_light_orange,crop_1242_3276_1340_3374_0.36.jpg
/home/nery/desafio_agscan/maturity_classes_final/4_ripe_orange/4_crop_845_3091_1044_3269_0.62.jpg,3,4_ripe_orange,crop_845_3091_1044_3269_0.62.jpg
/home/nery/desafio_agscan/maturity_classes_final/1_dark_green/1_crop_2297_1874_2361_1946_0.63.jpg,0,1_dark_green,crop_2297_1874_2361_1946_0.63.jpg
/home/nery/desafio_agscan/maturity_classes_final/2_yellowish_green/2_crop_1972_1237_2075_1341_0.88.jpg,1,2_yellowish_green,crop_1972_1237_2075_1341_0.88.jpg
/home/nery/desafio_agscan/maturity_classes_final/3_light_orange/3_crop_1643_767_1702_830_0.42.jpg,2,3_light_orange,crop_1643_767_1702_830_0.42.jpg
/home/nery/desafio_agscan/maturity_classes_final/4_ripe_orange/4_crop_2678_1315_2744_1377_0.72.jpg,3,4_ripe_orange,crop_2678_1315_2744_1377_0.72.jpg
/home/nery/desafio_agscan/maturity_classes_final/1_dark_green/1_crop_2084_3369_2172_3454_0.88.jpg,0,1_dark_green,crop_2084_3369_2172_3454_0.88.jpg
/home/nery/desafio_agscan/maturity_classes_final/2_yellowish_green/2_crop_1270_221_1379_309_0.83.jpg,1,2_yellowish_green,crop_1270_221_1379_309_0.83.jpg
/home/nery/desafio_agscan/maturity_classes_final/3_light_orange/3_crop_979_810_1100_929_0.71.jpg,2,3_light_orange,crop_979_810_1100_929_0.71.jpg
/home/nery/desafio_agscan/maturity_classes_final/4_ripe_orange/4_crop_2077_2666_2268_2870_0.90.jpg,3,4_ripe_orange,crop_2077_2666_2268_2870_0.90.jpg
/home/nery/desafio_agscan/maturity_classes_final/1_dark_green/1_crop_1871_41_1926_98_0.41.jpg,0,1_dark_green,crop_1871_41_1926_98_0.41.jpg
/home/nery/desafio_agscan/maturity_classes_final/2_yellowish_green/2_crop_2532_817_2583_864_0.67.jpg,1,2_yellowish_green,crop_2532_817_2583_864_0.67.jpg
/home/nery/desafio_agscan/maturity_classes_final/3_light_orange/3_crop_281_1595_517_1764_0.83.jpg,2,3_light_orange,crop_281_1595_517_1764_0.83.jpg
/home/nery/desafio_agscan/maturity_classes_final/4_ripe_orange/4_crop_1662_2124_1786_2255_0.88.jpg,3,4_ripe_orange,crop_1662_2124_1786_2255_0.88.jpg
/home/nery/desafio_agscan/maturity_classes_final/1_dark_green/1_crop_1376_1128_1473_1231_0.39.jpg,0,1_dark_green,crop_1376_1128_1473_1231_0.39.jpg
/home/nery/desafio_agscan/maturity_classes_final/2_yellowish_green/2_crop_1207_3637_1328_3720_0.43.jpg,1,2_yellowish_green,crop_1207_3637_1328_3720_0.43.jpg
/home/nery/desafio_agscan/maturity_classes_final/3_light_orange/3_crop_211_1863_357_2061_0.89.jpg,2,3_light_orange,crop_211_1863_357_2061_0.89.jpg
/home/nery/desafio_agscan/maturity_classes_final/4_ripe_orange/4_crop_633_969_781_1119_0.85.jpg,3,4_ripe_orange,crop_633_969_781_1119_0.85.jpg
/home/nery/desafio_agscan/maturity_classes_final/1_dark_green/1_crop_1334_3469_1454_3572_0.87.jpg,0,1_dark_green,crop_1334_3469_1454_3572_0.87.jpg
/home/nery/desafio_agscan/maturity_classes_final/2_yellowish_green/2_crop_2673_837_2725_897_0.52.jpg,1,2_yellowish_green,crop_2673_837_2725_897_0.52.jpg
/home/nery/desafio_agscan/maturity_classes_final/3_light_orange/3_crop_476_151_538_224_0.41.jpg,2,3_light_orange,crop_476_151_538_224_0.41.jpg
/home/nery/desafio_agscan/maturity_classes_final/4_ripe_orange/4_crop_777_1007_896_1144_0.85.jpg,3,4_ripe_orange,crop_777_1007_896_1144_0.85.jpg
/home/nery/desafio_agscan/maturity_classes_final/1_dark_green/1_crop_3_978_106_1180_0.56.jpg,0,1_dark_green,crop_3_978_106_1180_0.56.jpg
/home/nery/desafio_agscan/maturity_classes_final/2_yellowish_green/2_crop_927_1050_1163_1257_0.43.jpg,1,2_yellowish_green,crop_927_1050_1163_1257_0.43.jpg
/home/nery/desafio_agscan/maturity_classes_final/3_light_orange/3_crop_478_1187_599_1297_0.85.jpg,2,3_light_orange,crop_478_1187_599_1297_0.85.jpg
/home/nery/desafio_agscan/maturity_classes_final/4_ripe_orange/4_crop_2307_349_2366_392_0.38.jpg,3,4_ripe_orange,crop_2307_349_2366_392_0.38.jpg
/home/nery/desafio_agscan/maturity_classes_final/1_dark_green/1_crop_1422_1068_1532_1160_0.39.jpg,0,1_dark_green,crop_1422_1068_1532_1160_0.39.jpg
/home/nery/desafio_agscan/maturity_classes_final/2_yellowish_green/2_crop_79_1640_307_1907_0.68.jpg,1,2_yellowish_green,crop_79_1640_307_1907_0.68.jpg
/home/nery/desafio_agscan/maturity_classes_final/3_light_orange/3_crop_1119_628_1273_748_0.85.jpg,2,3_light_orange,crop_1119_628_1273_748_0.85.jpg
/home/nery/desafio_agscan/maturity_classes_final/4_ripe_orange/4_crop_1112_1593_1201_1682_0.82.jpg,3,4_ripe_orange,crop_1112_1593_1201_1682_0.82.jpg
/home/nery/desafio_agscan/maturity_classes_final/1_dark_green/1_crop_2813_709_2852_748_0.36.jpg,0,1_dark_green,crop_2813_709_2852_748_0.36.jpg
/home/nery/desafio_agscan/maturity_classes_final/2_yellowish_green/2_crop_1805_1128_1896_1222_0.64.jpg,1,2_yellowish_green,crop_1805_1128_1896_1222_0.64.jpg
/home/nery/desafio_agscan/maturity_classes_final/3_light_orange/3_crop_152_360_236_474_0.80.jpg,2,3_light_orange,crop_152_360_236_474_0.80.jpg
/home/nery/desafio_agscan/maturity_classes_final/4_ripe_orange/4_crop_1687_894_1879_1043_0.36.jpg,3,4_ripe_orange,crop_1687_894_1879_1043_0.36.jpg
/home/nery/desafio_agscan/maturity_classes_final/1_dark_green/1_crop_205_481_293_589_0.82.jpg,0,1_dark_green,crop_205_481_293_589_0.82.jpg
/home/nery/desafio_agscan/maturity_classes_final/2_yellowish_green/2_crop_1668_553_1798_667_0.89.jpg,1,2_yellowish_green,crop_1668_553_1798_667_0.89.jpg
/home/nery/desafio_agscan/maturity_classes_final/3_light_orange/3_crop_2702_3424_2766_3470_0.75.jpg,2,3_light_orange,crop_2702_3424_2766_3470_0.75.jpg
/home/nery/desafio_agscan/maturity_classes_final/4_ripe_orange/4_crop_2010_2994_2133_3102_0.80.jpg,3,4_ripe_orange,crop_2010_2994_2133_3102_0.80.jpg
/home/nery/desafio_agscan/maturity_classes_final/1_dark_green/1_crop_879_22_973_107_0.40.jpg,0,1_dark_green,crop_879_22_973_107_0.40.jpg
/home/nery/desafio_agscan/maturity_classes_final/2_yellowish_green/2_crop_906_2205_1027_2322_0.88.jpg,1,2_yellowish_green,crop_906_2205_1027_2322_0.88.jpg
/home/nery/desafio_agscan/maturity_classes_final/3_light_orange/3_crop_2594_2504_2663_2573_0.81.jpg,2,3_light_orange,crop_2594_2504_2663_2573_0.81.jpg
/home/nery/desafio_agscan/maturity_classes_final/4_ripe_orange/4_crop_125_3000_282_3164_0.87.jpg,3,4_ripe_orange,crop_125_3000_282_3164_0.87.jpg
/home/nery/desafio_agscan/maturity_classes_final/1_dark_green/1_crop_2559_612_2634_687_0.81.jpg,0,1_dark_green,crop_2559_612_2634_687_0.81.jpg
/home/nery/desafio_agscan/maturity_classes_final/2_yellowish_green/2_crop_2454_2291_2523_2359_0.81.jpg,1,2_yellowish_green,crop_2454_2291_2523_2359_0.81.jpg
/home/nery/desafio_agscan/maturity_classes_final/3_light_orange/3_crop_1915_528_1969_578_0.35.jpg,2,3_light_orange,crop_1915_528_1969_578_0.35.jpg
/home/nery/desafio_agscan/maturity_classes_final/4_ripe_orange/4_crop_1445_2079_1568_2202_0.84.jpg,3,4_ripe_orange,crop_1445_2079_1568_2202_0.84.jpg
/home/nery/desafio_agscan/maturity_classes_final/1_dark_green/1_crop_2408_3641_2466_3694_0.34.jpg,0,1_dark_green,crop_2408_3641_2466_3694_0.34.jpg
/home/nery/desafio_agscan/maturity_classes_final/2_yellowish_green/2_crop_818_1619_927_1730_0.43.jpg,1,2_yellowish_green,crop_818_1619_927_1730_0.43.jpg
/home/nery/desafio_agscan/maturity_classes_final/3_light_orange/3_crop_1955_1262_2032_1341_0.80.jpg,2,3_light_orange,crop_1955_1262_2032_1341_0.80.jpg
/home/nery/desafio_agscan/maturity_classes_final/4_ripe_orange/4_crop_2054_3036_2150_3126_0.87.jpg,3,4_ripe_orange,crop_2054_3036_2150_3126_0.87.jpg
/home/nery/desafio_agscan/maturity_classes_final/1_dark_green/1_crop_3501_2560_3566_2621_0.30.jpg,0,1_dark_green,crop_3501_2560_3566_2621_0.30.jpg
/home/nery/desafio_agscan/maturity_classes_final/2_yellowish_green/2_crop_2363_1428_2437_1504_0.84.jpg,1,2_yellowish_green,crop_2363_1428_2437_1504_0.84.jpg
/home/nery/desafio_agscan/maturity_classes_final/3_light_orange/3_crop_279_526_356_597_0.85.jpg,2,3_light_orange,crop_279_526_356_597_0.85.jpg
/home/nery/desafio_agscan/maturity_classes_final/4_ripe_orange/4_crop_1775_2131_1868_2229_0.77.jpg,3,4_ripe_orange,crop_1775_2131_1868_2229_0.77.jpg
/home/nery/desafio_agscan/maturity_classes_final/1_dark_green/1_crop_1182_538_1306_648_0.79.jpg,0,1_dark_green,crop_1182_538_1306_648_0.79.jpg
/home/nery/desafio_agscan/maturity_classes_final/2_yellowish_green/2_crop_1777_823_1835_875_0.37.jpg,1,2_yellowish_green,crop_1777_823_1835_875_0.37.jpg
/home/nery/desafio_agscan/maturity_classes_final/3_light_orange/3_crop_2711_1901_2766_1953_0.42.jpg,2,3_light_orange,crop_2711_1901_2766_1953_0.42.jpg
/home/nery/desafio_agscan/maturity_classes_final/4_ripe_orange/4_crop_883_215_1037_390_0.87.jpg,3,4_ripe_orange,crop_883_215_1037_390_0.87.jpg
/home/nery/desafio_agscan/maturity_classes_final/1_dark_green/1_crop_1803_1127_1897_1220_0.61.jpg,0,1_dark_green,crop_1803_1127_1897_1220_0.61.jpg
/home/nery/desafio_agscan/maturity_classes_final/2_yellowish_green/2_crop_2087_1237_2172_1312_0.52.jpg,1,2_yellowish_green,crop_2087_1237_2172_1312_0.52.jpg
/home/nery/desafio_agscan/maturity_classes_final/3_light_orange/3_crop_2418_3337_2533_3433_0.82.jpg,2,3_light_orange,crop_2418_3337_2533_3433_0.82.jpg
/home/nery/desafio_agscan/maturity_classes_final/4_ripe_orange/4_crop_288_1539_351_1592_0.80.jpg,3,4_ripe_orange,crop_288_1539_351_1592_0.80.jpg
/home/nery/desafio_agscan/maturity_classes_final/1_dark_green/1_crop_738_884_842_974_0.32.jpg,0,1_dark_green,crop_738_884_842_974_0.32.jpg
/home/nery/desafio_agscan/maturity_classes_final/2_yellowish_green/2_crop_978_699_1118_818_0.85.jpg,1,2_yellowish_green,crop_978_699_1118_818_0.85.jpg
/home/nery/desafio_agscan/maturity_classes_final/3_light_orange/3_crop_1212_3414_1393_3570_0.46.jpg,2,3_light_orange,crop_1212_3414_1393_3570_0.46.jpg
/home/nery/desafio_agscan/maturity_classes_final/4_ripe_orange/4_crop_1446_669_1563_753_0.72.jpg,3,4_ripe_orange,crop_1446_669_1563_753_0.72.jpg
/home/nery/desafio_agscan/maturity_classes_final/1_dark_green/1_crop_1282_425_1408_549_0.78.jpg,0,1_dark_green,crop_1282_425_1408_549_0.78.jpg
/home/nery/desafio_agscan/maturity_classes_final/2_yellowish_green/2_crop_1063_400_1116_451_0.60.jpg,1,2_yellowish_green,crop_1063_400_1116_451_0.60.jpg
/home/nery/desafio_agscan/maturity_classes_final/3_light_orange/3_crop_1302_1331_1416_1422_0.85.jpg,2,3_light_orange,crop_1302_1331_1416_1422_0.85.jpg
/home/nery/desafio_agscan/maturity_classes_final/4_ripe_orange/4_crop_1686_610_1733_691_0.40.jpg,3,4_ripe_orange,crop_1686_610_1733_691_0.40.jpg
/home/nery/desafio_agscan/maturity_classes_final/1_dark_green/1_crop_1271_222_1379_308_0.41.jpg,0,1_dark_green,crop_1271_222_1379_308_0.41.jpg
/home/nery/desafio_agscan/maturity_classes_final/2_yellowish_green/2_crop_230_2348_398_2539_0.89.jpg,1,2_yellowish_green,crop_230_2348_398_2539_0.89.jpg
/home/nery/desafio_agscan/maturity_classes_final/3_light_orange/3_crop_1188_421_1301_540_0.49.jpg,2,3_light_orange,crop_1188_421_1301_540_0.49.jpg
/home/nery/desafio_agscan/maturity_classes_final/4_ripe_orange/4_crop_1281_426_1408_549_0.66.jpg,3,4_ripe_orange,crop_1281_426_1408_549_0.66.jpg
/home/nery/desafio_agscan/maturity_classes_final/1_dark_green/1_crop_2453_2291_2523_2359_0.77.jpg,0,1_dark_green,crop_2453_2291_2523_2359_0.77.jpg
/home/nery/desafio_agscan/maturity_classes_final/2_yellowish_green/2_crop_1515_375_1631_470_0.89.jpg,1,2_yellowish_green,crop_1515_375_1631_470_0.89.jpg
/home/nery/desafio_agscan/maturity_classes_final/3_light_orange/3_crop_1094_83_1149_155_0.33.jpg,2,3_light_orange,crop_1094_83_1149_155_0.33.jpg
/home/nery/desafio_agscan/maturity_classes_final/4_ripe_orange/4_crop_2617_2450_2712_2543_0.88.jpg,3,4_ripe_orange,crop_2617_2450_2712_2543_0.88.jpg
/home/nery/desafio_agscan/maturity_classes_final/1_dark_green/1_crop_1502_674_1581_740_0.82.jpg,0,1_dark_green,crop_1502_674_1581_740_0.82.jpg
/home/nery/desafio_agscan/maturity_classes_final/2_yellowish_green/2_crop_1036_352_1151_450_0.89.jpg,1,2_yellowish_green,crop_1036_352_1151_450_0.89.jpg
/home/nery/desafio_agscan/maturity_classes_final/3_light_orange/3_crop_2444_2999_2525_3061_0.84.jpg,2,3_light_orange,crop_2444_2999_2525_3061_0.84.jpg
/home/nery/desafio_agscan/maturity_classes_final/4_ripe_orange/4_crop_2270_1069_2354_1147_0.77.jpg,3,4_ripe_orange,crop_2270_1069_2354_1147_0.77.jpg
/home/nery/desafio_agscan/maturity_classes_final/1_dark_green/1_crop_3537_2534_3623_2608_0.32.jpg,0,1_dark_green,crop_3537_2534_3623_2608_0.32.jpg
/home/nery/desafio_agscan/maturity_classes_final/2_yellowish_green/2_crop_2504_1628_2581_1697_0.80.jpg,1,2_yellowish_green,crop_2504_1628_2581_1697_0.80.jpg
/home/nery/desafio_agscan/maturity_classes_final/3_light_orange/3_crop_2278_1461_2398_1566_0.52.jpg,2,3_light_orange,crop_2278_1461_2398_1566_0.52.jpg
/home/nery/desafio_agscan/maturity_classes_final/4_ripe_orange/4_crop_1164_3294_1314_3432_0.48.jpg,3,4_ripe_orange,crop_1164_3294_1314_3432_0.48.jpg
/home/nery/desafio_agscan/maturity_classes_final/1_dark_green/1_crop_2416_3337_2534_3433_0.73.jpg,0,1_dark_green,crop_2416_3337_2534_3433_0.73.jpg
/home/nery/desafio_agscan/maturity_classes_final/2_yellowish_green/2_crop_754_3703_928_3832_0.88.jpg,1,2_yellowish_green,crop_754_3703_928_3832_0.88.jpg
/home/nery/desafio_agscan/maturity_classes_final/3_light_orange/3_crop_161_1388_237_1460_0.81.jpg,2,3_light_orange,crop_161_1388_237_1460_0.81.jpg
/home/nery/desafio_agscan/maturity_classes_final/4_ripe_orange/4_crop_646_709_799_828_0.39.jpg,3,4_ripe_orange,crop_646_709_799_828_0.39.jpg
/home/nery/desafio_agscan/maturity_classes_final/1_dark_green/1_crop_2304_3235_2398_3330_0.85.jpg,0,1_dark_green,crop_2304_3235_2398_3330_0.85.jpg
/home/nery/desafio_agscan/maturity_classes_final/2_yellowish_green/2_crop_2606_600_2655_644_0.72.jpg,1,2_yellowish_green,crop_2606_600_2655_644_0.72.jpg
/home/nery/desafio_agscan/maturity_classes_final/3_light_orange/3_crop_2555_2390_2609_2450_0.73.jpg,2,3_light_orange,crop_2555_2390_2609_2450_0.73.jpg
/home/nery/desafio_agscan/maturity_classes_final/4_ripe_orange/4_crop_2835_1315_2887_1362_0.73.jpg,3,4_ripe_orange,crop_2835_1315_2887_1362_0.73.jpg
/home/nery/desafio_agscan/maturity_classes_final/1_dark_green/1_crop_1461_161_1572_259_0.38.jpg,0,1_dark_green,crop_1461_161_1572_259_0.38.jpg
/home/nery/desafio_agscan/maturity_classes_final/2_yellowish_green/2_crop_545_107_626_193_0.58.jpg,1,2_yellowish_green,crop_545_107_626_193_0.58.jpg
/home/nery/desafio_agscan/maturity_classes_final/3_light_orange/3_crop_2957_2737_3015_2814_0.30.jpg,2,3_light_orange,crop_2957_2737_3015_2814_0.30.jpg
/home/nery/desafio_agscan/maturity_classes_final/4_ripe_orange/4_crop_2222_843_2299_909_0.84.jpg,3,4_ripe_orange,crop_2222_843_2299_909_0.84.jpg
/home/nery/desafio_agscan/maturity_classes_final/1_dark_green/1_crop_13_361_81_443_0.40.jpg,0,1_dark_green,crop_13_361_81_443_0.40.jpg
/home/nery/desafio_agscan/maturity_classes_final/2_yellowish_green/2_crop_2650_2965_2715_3034_0.35.jpg,1,2_yellowish_green,crop_2650_2965_2715_3034_0.35.jpg
/home/nery/desafio_agscan/maturity_classes_final/3_light_orange/3_crop_295_2148_535_2342_0.88.jpg,2,3_light_orange,crop_295_2148_535_2342_0.88.jpg
/home/nery/desafio_agscan/maturity_classes_final/4_ripe_orange/4_crop_1324_1186_1391_1258_0.69.jpg,3,4_ripe_orange,crop_1324_1186_1391_1258_0.69.jpg
/home/nery/desafio_agscan/maturity_classes_final/1_dark_green/1_crop_1387_3722_1505_3819_0.88.jpg,0,1_dark_green,crop_1387_3722_1505_3819_0.88.jpg
/home/nery/desafio_agscan/maturity_classes_final/2_yellowish_green/2_crop_2809_1895_2850_1936_0.44.jpg,1,2_yellowish_green,crop_2809_1895_2850_1936_0.44.jpg
/home/nery/desafio_agscan/maturity_classes_final/3_light_orange/3_crop_1586_473_1642_531_0.37.jpg,2,3_light_orange,crop_1586_473_1642_531_0.37.jpg
/home/nery/desafio_agscan/maturity_classes_final/4_ripe_orange/4_crop_122_24_287_119_0.38.jpg,3,4_ripe_orange,crop_122_24_287_119_0.38.jpg
/home/nery/desafio_agscan/maturity_classes_final/1_dark_green/1_crop_1138_768_1322_879_0.83.jpg,0,1_dark_green,crop_1138_768_1322_879_0.83.jpg
/home/nery/desafio_agscan/maturity_classes_final/2_yellowish_green/2_crop_2305_1182_2394_1265_0.77.jpg,1,2_yellowish_green,crop_2305_1182_2394_1265_0.77.jpg
/home/nery/desafio_agscan/maturity_classes_final/3_light_orange/3_crop_93_3040_166_3109_0.59.jpg,2,3_light_orange,crop_93_3040_166_3109_0.59.jpg
/home/nery/desafio_agscan/maturity_classes_final/4_ripe_orange/4_crop_821_3206_952_3354_0.88.jpg,3,4_ripe_orange,crop_821_3206_952_3354_0.88.jpg
/home/nery/desafio_agscan/maturity_classes_final/1_dark_green/1_crop_1131_920_1244_1006_0.83.jpg,0,1_dark_green,crop_1131_920_1244_1006_0.83.jpg
/home/nery/desafio_agscan/maturity_classes_final/2_yellowish_green/2_crop_2625_954_2670_1001_0.38.jpg,1,2_yellowish_green,crop_2625_954_2670_1001_0.38.jpg
/home/nery/desafio_agscan/maturity_classes_final/3_light_orange/3_crop_1420_1068_1530_1162_0.50.jpg,2,3_light_orange,crop_1420_1068_1530_1162_0.50.jpg
/home/nery/desafio_agscan/maturity_classes_final/4_ripe_orange/4_crop_942_319_1100_458_0.90.jpg,3,4_ripe_orange,crop_942_319_1100_458_0.90.jpg
/home/nery/desafio_agscan/maturity_classes_final/1_dark_green/1_crop_961_474_1110_591_0.88.jpg,0,1_dark_green,crop_961_474_1110_591_0.88.jpg
/home/nery/desafio_agscan/maturity_classes_final/2_yellowish_green/2_crop_2676_641_2809_833_0.34.jpg,1,2_yellowish_green,crop_2676_641_2809_833_0.34.jpg
/home/nery/desafio_agscan/maturity_classes_final/3_light_orange/3_crop_1721_830_1821_959_0.58.jpg,2,3_light_orange,crop_1721_830_1821_959_0.58.jpg
/home/nery/desafio_agscan/maturity_classes_final/4_ripe_orange/4_crop_1412_3557_1531_3666_0.90.jpg,3,4_ripe_orange,crop_1412_3557_1531_3666_0.90.jpg
/home/nery/desafio_agscan/maturity_classes_final/1_dark_green/1_crop_1687_2118_1785_2227_0.82.jpg,0,1_dark_green,crop_1687_2118_1785_2227_0.82.jpg
/home/nery/desafio_agscan/maturity_classes_final/2_yellowish_green/2_crop_2303_655_2356_703_0.68.jpg,1,2_yellowish_green,crop_2303_655_2356_703_0.68.jpg
/home/nery/desafio_agscan/maturity_classes_final/3_light_orange/3_crop_2676_1226_2744_1286_0.38.jpg,2,3_light_orange,crop_2676_1226_2744_1286_0.38.jpg
/home/nery/desafio_agscan/maturity_classes_final/4_ripe_orange/4_crop_1835_1669_1955_1779_0.41.jpg,3,4_ripe_orange,crop_1835_1669_1955_1779_0.41.jpg
/home/nery/desafio_agscan/maturity_classes_final/1_dark_green/1_crop_492_1344_633_1480_0.86.jpg,0,1_dark_green,crop_492_1344_633_1480_0.86.jpg
/home/nery/desafio_agscan/maturity_classes_final/2_yellowish_green/2_crop_280_1593_524_1764_0.36.jpg,1,2_yellowish_green,crop_280_1593_524_1764_0.36.jpg
/home/nery/desafio_agscan/maturity_classes_final/3_light_orange/3_crop_872_2687_959_2758_0.35.jpg,2,3_light_orange,crop_872_2687_959_2758_0.35.jpg
/home/nery/desafio_agscan/maturity_classes_final/4_ripe_orange/4_crop_2284_1892_2348_1969_0.53.jpg,3,4_ripe_orange,crop_2284_1892_2348_1969_0.53.jpg
/home/nery/desafio_agscan/maturity_classes_final/1_dark_green/1_crop_995_424_1146_584_0.86.jpg,0,1_dark_green,crop_995_424_1146_584_0.86.jpg
/home/nery/desafio_agscan/maturity_classes_final/2_yellowish_green/2_crop_363_367_497_507_0.64.jpg,1,2_yellowish_green,crop_363_367_497_507_0.64.jpg
/home/nery/desafio_agscan/maturity_classes_final/3_light_orange/3_crop_2945_2685_3016_2752_0.47.jpg,2,3_light_orange,crop_2945_2685_3016_2752_0.47.jpg
/home/nery/desafio_agscan/maturity_classes_final/4_ripe_orange/4_crop_922_1050_1163_1257_0.43.jpg,3,4_ripe_orange,crop_922_1050_1163_1257_0.43.jpg
/home/nery/desafio_agscan/maturity_classes_final/1_dark_green/1_crop_1149_523_1289_633_0.87.jpg,0,1_dark_green,crop_1149_523_1289_633_0.87.jpg
/home/nery/desafio_agscan/maturity_classes_final/2_yellowish_green/2_crop_375_304_472_400_0.76.jpg,1,2_yellowish_green,crop_375_304_472_400_0.76.jpg
/home/nery/desafio_agscan/maturity_classes_final/3_light_orange/3_crop_708_399_794_500_0.87.jpg,2,3_light_orange,crop_708_399_794_500_0.87.jpg
/home/nery/desafio_agscan/maturity_classes_final/4_ripe_orange/4_crop_1644_645_1697_709_0.32.jpg,3,4_ripe_orange,crop_1644_645_1697_709_0.32.jpg
/home/nery/desafio_agscan/maturity_classes_final/1_dark_green/1_crop_1871_44_1923_97_0.54.jpg,0,1_dark_green,crop_1871_44_1923_97_0.54.jpg
/home/nery/desafio_agscan/maturity_classes_final/2_yellowish_green/2_crop_1742_628_1798_687_0.46.jpg,1,2_yellowish_green,crop_1742_628_1798_687_0.46.jpg
/home/nery/desafio_agscan/maturity_classes_final/3_light_orange/3_crop_1212_433_1277_494_0.44.jpg,2,3_light_orange,crop_1212_433_1277_494_0.44.jpg
/home/nery/desafio_agscan/maturity_classes_final/4_ripe_orange/4_crop_2838_1505_2889_1567_0.39.jpg,3,4_ripe_orange,crop_2838_1505_2889_1567_0.39.jpg
/home/nery/desafio_agscan/maturity_classes_final/1_dark_green/1_crop_2304_3237_2397_3330_0.74.jpg,0,1_dark_green,crop_2304_3237_2397_3330_0.74.jpg
/home/nery/desafio_agscan/maturity_classes_final/2_yellowish_green/2_crop_1420_1067_1529_1164_0.80.jpg,1,2_yellowish_green,crop_1420_1067_1529_1164_0.80.jpg
/home/nery/desafio_agscan/maturity_classes_final/3_light_orange/3_crop_2371_822_2454_896_0.86.jpg,2,3_light_orange,crop_2371_822_2454_896_0.86.jpg
/home/nery/desafio_agscan/maturity_classes_final/4_ripe_orange/4_crop_2953_495_3008_554_0.39.jpg,3,4_ripe_orange,crop_2953_495_3008_554_0.39.jpg
/home/nery/desafio_agscan/maturity_classes_final/1_dark_green/1_crop_1648_460_1755_594_0.87.jpg,0,1_dark_green,crop_1648_460_1755_594_0.87.jpg
/home/nery/desafio_agscan/maturity_classes_final/2_yellowish_green/2_crop_2181_2478_2244_2515_0.38.jpg,1,2_yellowish_green,crop_2181_2478_2244_2515_0.38.jpg
/home/nery/desafio_agscan/maturity_classes_final/3_light_orange/3_crop_1154_79_1261_182_0.88.jpg,2,3_light_orange,crop_1154_79_1261_182_0.88.jpg
/home/nery/desafio_agscan/maturity_classes_final/4_ripe_orange/4_crop_2339_2015_2412_2070_0.31.jpg,3,4_ripe_orange,crop_2339_2015_2412_2070_0.31.jpg
/home/nery/desafio_agscan/maturity_classes_final/1_dark_green/1_crop_721_2328_803_2419_0.81.jpg,0,1_dark_green,crop_721_2328_803_2419_0.81.jpg
/home/nery/desafio_agscan/maturity_classes_final/2_yellowish_green/2_crop_2673_2137_2789_2292_0.74.jpg,1,2_yellowish_green,crop_2673_2137_2789_2292_0.74.jpg
/home/nery/desafio_agscan/maturity_classes_final/3_light_orange/3_crop_264_2983_358_3070_0.84.jpg,2,3_light_orange,crop_264_2983_358_3070_0.84.jpg
/home/nery/desafio_agscan/maturity_classes_final/4_ripe_orange/4_crop_975_132_1037_209_0.40.jpg,3,4_ripe_orange,crop_975_132_1037_209_0.40.jpg
/home/nery/desafio_agscan/maturity_classes_final/1_dark_green/1_crop_2032_3258_2120_3332_0.88.jpg,0,1_dark_green,crop_2032_3258_2120_3332_0.88.jpg
/home/nery/desafio_agscan/maturity_classes_final/2_yellowish_green/2_crop_2309_3291_2421_3410_0.88.jpg,1,2_yellowish_green,crop_2309_3291_2421_3410_0.88.jpg
/home/nery/desafio_agscan/maturity_classes_final/3_light_orange/3_crop_2009_2995_2134_3101_0.75.jpg,2,3_light_orange,crop_2009_2995_2134_3101_0.75.jpg
/home/nery/desafio_agscan/maturity_classes_final/4_ripe_orange/4_crop_2453_1471_2527_1552_0.83.jpg,3,4_ripe_orange,crop_2453_1471_2527_1552_0.83.jpg
/home/nery/desafio_agscan/maturity_classes_final/1_dark_green/1_crop_2284_1460_2395_1567_0.84.jpg,0,1_dark_green,crop_2284_1460_2395_1567_0.84.jpg
/home/nery/desafio_agscan/maturity_classes_final/2_yellowish_green/2_crop_1335_3468_1454_3572_0.80.jpg,1,2_yellowish_green,crop_1335_3468_1454_3572_0.80.jpg
/home/nery/desafio_agscan/maturity_classes_final/3_light_orange/3_crop_2760_1479_2822_1534_0.35.jpg,2,3_light_orange,crop_2760_1479_2822_1534_0.35.jpg
/home/nery/desafio_agscan/maturity_classes_final/4_ripe_orange/4_crop_1445_669_1565_753_0.81.jpg,3,4_ripe_orange,crop_1445_669_1565_753_0.81.jpg
/home/nery/desafio_agscan/maturity_classes_final/1_dark_green/1_crop_1804_1127_1897_1221_0.69.jpg,0,1_dark_green,crop_1804_1127_1897_1221_0.69.jpg
/home/nery/desafio_agscan/maturity_classes_final/2_yellowish_green/2_crop_2086_1633_2185_1721_0.85.jpg,1,2_yellowish_green,crop_2086_1633_2185_1721_0.85.jpg
/home/nery/desafio_agscan/maturity_classes_final/3_light_orange/3_crop_929_1611_1039_1723_0.70.jpg,2,3_light_orange,crop_929_1611_1039_1723_0.70.jpg
/home/nery/desafio_agscan/maturity_classes_final/4_ripe_orange/4_crop_2649_954_2704_1002_0.59.jpg,3,4_ripe_orange,crop_2649_954_2704_1002_0.59.jpg
/home/nery/desafio_agscan/maturity_classes_final/1_dark_green/1_crop_1588_2361_1769_2554_0.88.jpg,0,1_dark_green,crop_1588_2361_1769_2554_0.88.jpg
/home/nery/desafio_agscan/maturity_classes_final/2_yellowish_green/2_crop_2669_2409_2743_2476_0.83.jpg,1,2_yellowish_green,crop_2669_2409_2743_2476_0.83.jpg
/home/nery/desafio_agscan/maturity_classes_final/3_light_orange/3_crop_401_1476_553_1612_0.52.jpg,2,3_light_orange,crop_401_1476_553_1612_0.52.jpg
/home/nery/desafio_agscan/maturity_classes_final/4_ripe_orange/4_crop_2396_1054_2468_1124_0.86.jpg,3,4_ripe_orange,crop_2396_1054_2468_1124_0.86.jpg
/home/nery/desafio_agscan/maturity_classes_final/1_dark_green/1_crop_1395_1149_1483_1245_0.82.jpg,0,1_dark_green,crop_1395_1149_1483_1245_0.82.jpg
/home/nery/desafio_agscan/maturity_classes_final/2_yellowish_green/2_crop_1718_830_1824_958_0.85.jpg,1,2_yellowish_green,crop_1718_830_1824_958_0.85.jpg
/home/nery/desafio_agscan/maturity_classes_final/3_light_orange/3_crop_900_3086_1015_3197_0.87.jpg,2,3_light_orange,crop_900_3086_1015_3197_0.87.jpg
/home/nery/desafio_agscan/maturity_classes_final/4_ripe_orange/4_crop_1084_51_1142_113_0.32.jpg,3,4_ripe_orange,crop_1084_51_1142_113_0.32.jpg
/home/nery/desafio_agscan/maturity_classes_final/1_dark_green/1_crop_570_3763_657_3848_0.88.jpg,0,1_dark_green,crop_570_3763_657_3848_0.88.jpg
/home/nery/desafio_agscan/maturity_classes_final/2_yellowish_green/2_crop_2773_999_2834_1058_0.70.jpg,1,2_yellowish_green,crop_2773_999_2834_1058_0.70.jpg
/home/nery/desafio_agscan/maturity_classes_final/3_light_orange/3_crop_2675_2343_2753_2424_0.76.jpg,2,3_light_orange,crop_2675_2343_2753_2424_0.76.jpg
/home/nery/desafio_agscan/maturity_classes_final/4_ripe_orange/4_crop_1505_2786_1617_2919_0.88.jpg,3,4_ripe_orange,crop_1505_2786_1617_2919_0.88.jpg
/home/nery/desafio_agscan/maturity_classes_final/1_dark_green/1_crop_1546_986_1657_1071_0.86.jpg,0,1_dark_green,crop_1546_986_1657_1071_0.86.jpg
/home/nery/desafio_agscan/maturity_classes_final/2_yellowish_green/2_crop_2701_3423_2767_3469_0.40.jpg,1,2_yellowish_green,crop_2701_3423_2767_3469_0.40.jpg
/home/nery/desafio_agscan/maturity_classes_final/3_light_orange/3_crop_2302_1869_2370_1934_0.45.jpg,2,3_light_orange,crop_2302_1869_2370_1934_0.45.jpg
/home/nery/desafio_agscan/maturity_classes_final/4_ripe_orange/4_crop_111_1528_347_1735_0.84.jpg,3,4_ripe_orange,crop_111_1528_347_1735_0.84.jpg
/home/nery/desafio_agscan/maturity_classes_final/1_dark_green/1_crop_2859_781_2923_840_0.55.jpg,0,1_dark_green,crop_2859_781_2923_840_0.55.jpg
/home/nery/desafio_agscan/maturity_classes_final/2_yellowish_green/2_crop_2909_2633_2977_2719_0.63.jpg,1,2_yellowish_green,crop_2909_2633_2977_2719_0.63.jpg
/home/nery/desafio_agscan/maturity_classes_final/3_light_orange/3_crop_1214_429_1276_494_0.55.jpg,2,3_light_orange,crop_1214_429_1276_494_0.55.jpg
/home/nery/desafio_agscan/maturity_classes_final/4_ripe_orange/4_crop_93_3039_166_3108_0.83.jpg,3,4_ripe_orange,crop_93_3039_166_3108_0.83.jpg
/home/nery/desafio_agscan/maturity_classes_final/1_dark_green/1_crop_1984_144_2042_195_0.55.jpg,0,1_dark_green,crop_1984_144_2042_195_0.55.jpg
/home/nery/desafio_agscan/maturity_classes_final/2_yellowish_green/2_crop_472_840_576_942_0.89.jpg,1,2_yellowish_green,crop_472_840_576_942_0.89.jpg
/home/nery/desafio_agscan/maturity_classes_final/3_light_orange/3_crop_2187_2027_2265_2101_0.83.jpg,2,3_light_orange,crop_2187_2027_2265_2101_0.83.jpg
/home/nery/desafio_agscan/maturity_classes_final/4_ripe_orange/4_crop_2496_2921_2587_3012_0.88.jpg,3,4_ripe_orange,crop_2496_2921_2587_3012_0.88.jpg
/home/nery/desafio_agscan/maturity_classes_final/1_dark_green/1_crop_2501_2746_2599_2846_0.78.jpg,0,1_dark_green,crop_2501_2746_2599_2846_0.78.jpg
/home/nery/desafio_agscan/maturity_classes_final/2_yellowish_green/2_crop_2687_603_2733_650_0.71.jpg,1,2_yellowish_green,crop_2687_603_2733_650_0.71.jpg
/home/nery/desafio_agscan/maturity_classes_final/3_light_orange/3_crop_2701_1325_2772_1385_0.38.jpg,2,3_light_orange,crop_2701_1325_2772_1385_0.38.jpg
/home/nery/desafio_agscan/maturity_classes_final/4_ripe_orange/4_crop_2372_637_2445_716_0.85.jpg,3,4_ripe_orange,crop_2372_637_2445_716_0.85.jpg
/home/nery/desafio_agscan/maturity_classes_final/1_dark_green/1_crop_1883_618_1932_658_0.62.jpg,0,1_dark_green,crop_1883_618_1932_658_0.62.jpg
/home/nery/desafio_agscan/maturity_classes_final/2_yellowish_green/2_crop_8_55_82_151_0.61.jpg,1,2_yellowish_green,crop_8_55_82_151_0.61.jpg
/home/nery/desafio_agscan/maturity_classes_final/3_light_orange/3_crop_143_72_211_140_0.52.jpg,2,3_light_orange,crop_143_72_211_140_0.52.jpg
/home/nery/desafio_agscan/maturity_classes_final/4_ripe_orange/4_crop_2273_345_2322_392_0.46.jpg,3,4_ripe_orange,crop_2273_345_2322_392_0.46.jpg
/home/nery/desafio_agscan/maturity_classes_final/1_dark_green/1_crop_1784_1441_1858_1503_0.68.jpg,0,1_dark_green,crop_1784_1441_1858_1503_0.68.jpg
/home/nery/desafio_agscan/maturity_classes_final/2_yellowish_green/2_crop_2194_1064_2292_1151_0.46.jpg,1,2_yellowish_green,crop_2194_1064_2292_1151_0.46.jpg
/home/nery/desafio_agscan/maturity_classes_final/3_light_orange/3_crop_2340_2016_2400_2069_0.79.jpg,2,3_light_orange,crop_2340_2016_2400_2069_0.79.jpg
/home/nery/desafio_agscan/maturity_classes_final/4_ripe_orange/4_crop_1687_895_1876_1045_0.90.jpg,3,4_ripe_orange,crop_1687_895_1876_1045_0.90.jpg
/home/nery/desafio_agscan/maturity_classes_final/1_dark_green/1_crop_2740_1207_2797_1260_0.60.jpg,0,1_dark_green,crop_2740_1207_2797_1260_0.60.jpg
/home/nery/desafio_agscan/maturity_classes_final/2_yellowish_green/2_crop_2671_944_2728_998_0.55.jpg,1,2_yellowish_green,crop_2671_944_2728_998_0.55.jpg
/home/nery/desafio_agscan/maturity_classes_final/3_light_orange/3_crop_1255_125_1376_226_0.78.jpg,2,3_light_orange,crop_1255_125_1376_226_0.78.jpg
/home/nery/desafio_agscan/maturity_classes_final/4_ripe_orange/4_crop_508_461_616_562_0.79.jpg,3,4_ripe_orange,crop_508_461_616_562_0.79.jpg
/home/nery/desafio_agscan/maturity_classes_final/1_dark_green/1_crop_894_4522_1013_4693_0.31.jpg,0,1_dark_green,crop_894_4522_1013_4693_0.31.jpg
/home/nery/desafio_agscan/maturity_classes_final/2_yellowish_green/2_crop_507_461_617_563_0.66.jpg,1,2_yellowish_green,crop_507_461_617_563_0.66.jpg
/home/nery/desafio_agscan/maturity_classes_final/3_light_orange/3_crop_162_1388_238_1460_0.55.jpg,2,3_light_orange,crop_162_1388_238_1460_0.55.jpg
/home/nery/desafio_agscan/maturity_classes_final/4_ripe_orange/4_crop_2949_2853_3019_2928_0.76.jpg,3,4_ripe_orange,crop_2949_2853_3019_2928_0.76.jpg
/home/nery/desafio_agscan/maturity_classes_final/1_dark_green/1_crop_544_178_608_245_0.52.jpg,0,1_dark_green,crop_544_178_608_245_0.52.jpg
/home/nery/desafio_agscan/maturity_classes_final/2_yellowish_green/2_crop_203_103_472_336_0.82.jpg,1,2_yellowish_green,crop_203_103_472_336_0.82.jpg
/home/nery/desafio_agscan/maturity_classes_final/3_light_orange/3_crop_2176_656_2260_745_0.87.jpg,2,3_light_orange,crop_2176_656_2260_745_0.87.jpg
/home/nery/desafio_agscan/maturity_classes_final/4_ripe_orange/4_crop_481_174_541_245_0.37.jpg,3,4_ripe_orange,crop_481_174_541_245_0.37.jpg
/home/nery/desafio_agscan/maturity_classes_final/1_dark_green/1_crop_1317_3914_1374_4006_0.33.jpg,0,1_dark_green,crop_1317_3914_1374_4006_0.33.jpg
/home/nery/desafio_agscan/maturity_classes_final/2_yellowish_green/2_crop_1463_160_1572_258_0.48.jpg,1,2_yellowish_green,crop_1463_160_1572_258_0.48.jpg
/home/nery/desafio_agscan/maturity_classes_final/3_light_orange/3_crop_2399_2756_2473_2843_0.83.jpg,2,3_light_orange,crop_2399_2756_2473_2843_0.83.jpg
/home/nery/desafio_agscan/maturity_classes_final/4_ripe_orange/4_crop_687_706_808_783_0.59.jpg,3,4_ripe_orange,crop_687_706_808_783_0.59.jpg
/home/nery/desafio_agscan/maturity_classes_final/1_dark_green/1_crop_931_1612_1046_1725_0.58.jpg,0,1_dark_green,crop_931_1612_1046_1725_0.58.jpg
/home/nery/desafio_agscan/maturity_classes_final/2_yellowish_green/2_crop_2410_1463_2489_1554_0.87.jpg,1,2_yellowish_green,crop_2410_1463_2489_1554_0.87.jpg
/home/nery/desafio_agscan/maturity_classes_final/3_light_orange/3_crop_2345_2081_2471_2216_0.90.jpg,2,3_light_orange,crop_2345_2081_2471_2216_0.90.jpg
/home/nery/desafio_agscan/maturity_classes_final/4_ripe_orange/4_crop_1088_56_1147_123_0.60.jpg,3,4_ripe_orange,crop_1088_56_1147_123_0.60.jpg
/home/nery/desafio_agscan/maturity_classes_final/1_dark_green/1_crop_644_2186_779_2318_0.79.jpg,0,1_dark_green,crop_644_2186_779_2318_0.79.jpg
/home/nery/desafio_agscan/maturity_classes_final/2_yellowish_green/2_crop_2309_2137_2391_2219_0.84.jpg,1,2_yellowish_green,crop_2309_2137_2391_2219_0.84.jpg
/home/nery/desafio_agscan/maturity_classes_final/3_light_orange/3_crop_813_2597_978_2739_0.76.jpg,2,3_light_orange,crop_813_2597_978_2739_0.76.jpg
/home/nery/desafio_agscan/maturity_classes_final/4_ripe_orange/4_crop_168_518_245_595_0.83.jpg,3,4_ripe_orange,crop_168_518_245_595_0.83.jpg
/home/nery/desafio_agscan/maturity_classes_final/1_dark_green/1_crop_1974_3366_2081_3465_0.89.jpg,0,1_dark_green,crop_1974_3366_2081_3465_0.89.jpg
/home/nery/desafio_agscan/maturity_classes_final/2_yellowish_green/2_crop_3_61_83_159_0.59.jpg,1,2_yellowish_green,crop_3_61_83_159_0.59.jpg
/home/nery/desafio_agscan/maturity_classes_final/3_light_orange/3_crop_1812_721_1928_816_0.76.jpg,2,3_light_orange,crop_1812_721_1928_816_0.76.jpg
/home/nery/desafio_agscan/maturity_classes_final/4_ripe_orange/4_crop_1580_792_1645_864_0.60.jpg,3,4_ripe_orange,crop_1580_792_1645_864_0.60.jpg
/home/nery/desafio_agscan/maturity_classes_final/1_dark_green/1_crop_1596_1265_1666_1335_0.77.jpg,0,1_dark_green,crop_1596_1265_1666_1335_0.77.jpg
/home/nery/desafio_agscan/maturity_classes_final/2_yellowish_green/2_crop_1139_767_1324_880_0.63.jpg,1,2_yellowish_green,crop_1139_767_1324_880_0.63.jpg
/home/nery/desafio_agscan/maturity_classes_final/3_light_orange/3_crop_2374_698_2430_754_0.78.jpg,2,3_light_orange,crop_2374_698_2430_754_0.78.jpg
/home/nery/desafio_agscan/maturity_classes_final/4_ripe_orange/4_crop_2462_817_2555_895_0.85.jpg,3,4_ripe_orange,crop_2462_817_2555_895_0.85.jpg
/home/nery/desafio_agscan/maturity_classes_final/1_dark_green/1_crop_1108_1594_1206_1686_0.37.jpg,0,1_dark_green,crop_1108_1594_1206_1686_0.37.jpg
/home/nery/desafio_agscan/maturity_classes_final/2_yellowish_green/2_crop_1425_507_1500_575_0.81.jpg,1,2_yellowish_green,crop_1425_507_1500_575_0.81.jpg
/home/nery/desafio_agscan/maturity_classes_final/3_light_orange/3_crop_2212_1624_2308_1699_0.87.jpg,2,3_light_orange,crop_2212_1624_2308_1699_0.87.jpg
/home/nery/desafio_agscan/maturity_classes_final/4_ripe_orange/4_crop_873_744_1014_878_0.67.jpg,3,4_ripe_orange,crop_873_744_1014_878_0.67.jpg
/home/nery/desafio_agscan/maturity_classes_final/1_dark_green/1_crop_2942_2600_3017_2689_0.59.jpg,0,1_dark_green,crop_2942_2600_3017_2689_0.59.jpg
/home/nery/desafio_agscan/maturity_classes_final/2_yellowish_green/2_crop_2443_2629_2547_2699_0.82.jpg,1,2_yellowish_green,crop_2443_2629_2547_2699_0.82.jpg
/home/nery/desafio_agscan/maturity_classes_final/3_light_orange/3_crop_1364_200_1461_286_0.84.jpg,2,3_light_orange,crop_1364_200_1461_286_0.84.jpg
/home/nery/desafio_agscan/maturity_classes_final/4_ripe_orange/4_crop_2446_2775_2539_2861_0.71.jpg,3,4_ripe_orange,crop_2446_2775_2539_2861_0.71.jpg
/home/nery/desafio_agscan/maturity_classes_final/1_dark_green/1_crop_1240_3277_1338_3374_0.88.jpg,0,1_dark_green,crop_1240_3277_1338_3374_0.88.jpg
/home/nery/desafio_agscan/maturity_classes_final/2_yellowish_green/2_crop_2691_1890_2744_1933_0.55.jpg,1,2_yellowish_green,crop_2691_1890_2744_1933_0.55.jpg
/home/nery/desafio_agscan/maturity_classes_final/3_light_orange/3_crop_6_2686_93_2802_0.32.jpg,2,3_light_orange,crop_6_2686_93_2802_0.32.jpg
/home/nery/desafio_agscan/maturity_classes_final/4_ripe_orange/4_crop_1303_785_1489_943_0.89.jpg,3,4_ripe_orange,crop_1303_785_1489_943_0.89.jpg
/home/nery/desafio_agscan/maturity_classes_final/1_dark_green/1_crop_132_786_205_856_0.81.jpg,0,1_dark_green,crop_132_786_205_856_0.81.jpg
/home/nery/desafio_agscan/maturity_classes_final/2_yellowish_green/2_crop_1849_647_1896_687_0.44.jpg,1,2_yellowish_green,crop_1849_647_1896_687_0.44.jpg
/home/nery/desafio_agscan/maturity_classes_final/3_light_orange/3_crop_1987_115_2043_162_0.56.jpg,2,3_light_orange,crop_1987_115_2043_162_0.56.jpg
/home/nery/desafio_agscan/maturity_classes_final/4_ripe_orange/4_crop_2209_2653_2282_2753_0.84.jpg,3,4_ripe_orange,crop_2209_2653_2282_2753_0.84.jpg
/home/nery/desafio_agscan/maturity_classes_final/1_dark_green/1_crop_2668_1841_2735_1909_0.73.jpg,0,1_dark_green,crop_2668_1841_2735_1909_0.73.jpg
/home/nery/desafio_agscan/maturity_classes_final/2_yellowish_green/2_crop_1133_1015_1184_1070_0.59.jpg,1,2_yellowish_green,crop_1133_1015_1184_1070_0.59.jpg
/home/nery/desafio_agscan/maturity_classes_final/3_light_orange/3_crop_1571_755_1644_832_0.31.jpg,2,3_light_orange,crop_1571_755_1644_832_0.31.jpg
/home/nery/desafio_agscan/maturity_classes_final/4_ripe_orange/4_crop_2725_2047_2777_2107_0.62.jpg,3,4_ripe_orange,crop_2725_2047_2777_2107_0.62.jpg
/home/nery/desafio_agscan/maturity_classes_final/1_dark_green/1_crop_1463_2200_1676_2412_0.87.jpg,0,1_dark_green,crop_1463_2200_1676_2412_0.87.jpg
/home/nery/desafio_agscan/maturity_classes_final/2_yellowish_green/2_crop_2541_1763_2631_1864_0.90.jpg,1,2_yellowish_green,crop_2541_1763_2631_1864_0.90.jpg
/home/nery/desafio_agscan/maturity_classes_final/3_light_orange/3_crop_2899_1220_2947_1268_0.63.jpg,2,3_light_orange,crop_2899_1220_2947_1268_0.63.jpg
/home/nery/desafio_agscan/maturity_classes_final/4_ripe_orange/4_crop_1819_1654_1900_1745_0.85.jpg,3,4_ripe_orange,crop_1819_1654_1900_1745_0.85.jpg
/home/nery/desafio_agscan/maturity_classes_final/1_dark_green/1_crop_2051_2196_2130_2273_0.84.jpg,0,1_dark_green,crop_2051_2196_2130_2273_0.84.jpg
/home/nery/desafio_agscan/maturity_classes_final/2_yellowish_green/2_crop_694_957_780_1037_0.77.jpg,1,2_yellowish_green,crop_694_957_780_1037_0.77.jpg
/home/nery/desafio_agscan/maturity_classes_final/3_light_orange/3_crop_2955_749_3002_797_0.68.jpg,2,3_light_orange,crop_2955_749_3002_797_0.68.jpg
/home/nery/desafio_agscan/maturity_classes_final/4_ripe_orange/4_crop_697_738_798_837_0.52.jpg,3,4_ripe_orange,crop_697_738_798_837_0.52.jpg
/home/nery/desafio_agscan/maturity_classes_final/1_dark_green/1_crop_1998_596_2057_643_0.76.jpg,0,1_dark_green,crop_1998_596_2057_643_0.76.jpg
/home/nery/desafio_agscan/maturity_classes_final/2_yellowish_green/2_crop_1214_3414_1394_3571_0.81.jpg,1,2_yellowish_green,crop_1214_3414_1394_3571_0.81.jpg
/home/nery/desafio_agscan/maturity_classes_final/3_light_orange/3_crop_1989_2829_2176_3004_0.90.jpg,2,3_light_orange,crop_1989_2829_2176_3004_0.90.jpg
/home/nery/desafio_agscan/maturity_classes_final/4_ripe_orange/4_crop_2640_1191_2694_1243_0.53.jpg,3,4_ripe_orange,crop_2640_1191_2694_1243_0.53.jpg
/home/nery/desafio_agscan/maturity_classes_final/1_dark_green/1_crop_836_2288_916_2355_0.63.jpg,0,1_dark_green,crop_836_2288_916_2355_0.63.jpg
/home/nery/desafio_agscan/maturity_classes_final/2_yellowish_green/2_crop_433_389_556_520_0.75.jpg,1,2_yellowish_green,crop_433_389_556_520_0.75.jpg
/home/nery/desafio_agscan/maturity_classes_final/3_light_orange/3_crop_1738_1024_1802_1082_0.35.jpg,2,3_light_orange,crop_1738_1024_1802_1082_0.35.jpg
/home/nery/desafio_agscan/maturity_classes_final/4_ripe_orange/4_crop_2783_2026_2842_2079_0.75.jpg,3,4_ripe_orange,crop_2783_2026_2842_2079_0.75.jpg
/home/nery/desafio_agscan/maturity_classes_final/1_dark_green/1_crop_159_784_333_956_0.88.jpg,0,1_dark_green,crop_159_784_333_956_0.88.jpg
/home/nery/desafio_agscan/maturity_classes_final/2_yellowish_green/2_crop_1765_655_1846_740_0.85.jpg,1,2_yellowish_green,crop_1765_655_1846_740_0.85.jpg
/home/nery/desafio_agscan/maturity_classes_final/3_light_orange/3_crop_2031_2253_2146_2388_0.89.jpg,2,3_light_orange,crop_2031_2253_2146_2388_0.89.jpg
/home/nery/desafio_agscan/maturity_classes_final/4_ripe_orange/4_crop_181_2496_291_2662_0.77.jpg,3,4_ripe_orange,crop_181_2496_291_2662_0.77.jpg
/home/nery/desafio_agscan/maturity_classes_final/1_dark_green/1_crop_2459_1692_2530_1761_0.71.jpg,0,1_dark_green,crop_2459_1692_2530_1761_0.71.jpg
/home/nery/desafio_agscan/maturity_classes_final/2_yellowish_green/2_crop_2627_2559_2703_2625_0.87.jpg,1,2_yellowish_green,crop_2627_2559_2703_2625_0.87.jpg
/home/nery/desafio_agscan/maturity_classes_final/3_light_orange/3_crop_2669_1840_2735_1907_0.59.jpg,2,3_light_orange,crop_2669_1840_2735_1907_0.59.jpg
/home/nery/desafio_agscan/maturity_classes_final/4_ripe_orange/4_crop_736_885_842_979_0.83.jpg,3,4_ripe_orange,crop_736_885_842_979_0.83.jpg
/home/nery/desafio_agscan/maturity_classes_final/1_dark_green/1_crop_2601_1511_2706_1603_0.84.jpg,0,1_dark_green,crop_2601_1511_2706_1603_0.84.jpg
/home/nery/desafio_agscan/maturity_classes_final/2_yellowish_green/2_crop_1426_508_1501_575_0.37.jpg,1,2_yellowish_green,crop_1426_508_1501_575_0.37.jpg
/home/nery/desafio_agscan/maturity_classes_final/3_light_orange/3_crop_679_729_789_810_0.79.jpg,2,3_light_orange,crop_679_729_789_810_0.79.jpg
/home/nery/desafio_agscan/maturity_classes_final/4_ripe_orange/4_crop_2458_1692_2533_1761_0.46.jpg,3,4_ripe_orange,crop_2458_1692_2533_1761_0.46.jpg
/home/nery/desafio_agscan/maturity_classes_final/1_dark_green/1_crop_506_2328_690_2513_0.88.jpg,0,1_dark_green,crop_506_2328_690_2513_0.88.jpg
/home/nery/desafio_agscan/maturity_classes_final/2_yellowish_green/2_crop_2011_3171_2104_3247_0.85.jpg,1,2_yellowish_green,crop_2011_3171_2104_3247_0.85.jpg
/home/nery/desafio_agscan/maturity_classes_final/3_light_orange/3_crop_2195_1064_2286_1154_0.51.jpg,2,3_light_orange,crop_2195_1064_2286_1154_0.51.jpg
/home/nery/desafio_agscan/maturity_classes_final/4_ripe_orange/4_crop_2460_2762_2566_2862_0.37.jpg,3,4_ripe_orange,crop_2460_2762_2566_2862_0.37.jpg
/home/nery/desafio_agscan/maturity_classes_final/1_dark_green/1_crop_1128_189_1186_245_0.31.jpg,0,1_dark_green,crop_1128_189_1186_245_0.31.jpg
/home/nery/desafio_agscan/maturity_classes_final/2_yellowish_green/2_crop_1164_1297_1222_1358_0.76.jpg,1,2_yellowish_green,crop_1164_1297_1222_1358_0.76.jpg
/home/nery/desafio_agscan/maturity_classes_final/3_light_orange/3_crop_1958_1260_2037_1324_0.48.jpg,2,3_light_orange,crop_1958_1260_2037_1324_0.48.jpg
/home/nery/desafio_agscan/maturity_classes_final/4_ripe_orange/4_crop_279_528_356_597_0.65.jpg,3,4_ripe_orange,crop_279_528_356_597_0.65.jpg
/home/nery/desafio_agscan/maturity_classes_final/1_dark_green/1_crop_1993_1017_2103_1116_0.89.jpg,0,1_dark_green,crop_1993_1017_2103_1116_0.89.jpg
/home/nery/desafio_agscan/maturity_classes_final/2_yellowish_green/2_crop_646_532_790_666_0.91.jpg,1,2_yellowish_green,crop_646_532_790_666_0.91.jpg
/home/nery/desafio_agscan/maturity_classes_final/3_light_orange/3_crop_1899_524_1947_572_0.54.jpg,2,3_light_orange,crop_1899_524_1947_572_0.54.jpg
/home/nery/desafio_agscan/maturity_classes_final/4_ripe_orange/4_crop_1370_876_1488_982_0.76.jpg,3,4_ripe_orange,crop_1370_876_1488_982_0.76.jpg
/home/nery/desafio_agscan/maturity_classes_final/1_dark_green/1_crop_1376_1126_1475_1232_0.83.jpg,0,1_dark_green,crop_1376_1126_1475_1232_0.83.jpg
/home/nery/desafio_agscan/maturity_classes_final/2_yellowish_green/2_crop_2639_954_2695_1010_0.80.jpg,1,2_yellowish_green,crop_2639_954_2695_1010_0.80.jpg
/home/nery/desafio_agscan/maturity_classes_final/3_light_orange/3_crop_2797_2858_2895_2966_0.87.jpg,2,3_light_orange,crop_2797_2858_2895_2966_0.87.jpg
/home/nery/desafio_agscan/maturity_classes_final/4_ripe_orange/4_crop_1212_3414_1394_3568_0.39.jpg,3,4_ripe_orange,crop_1212_3414_1394_3568_0.39.jpg
/home/nery/desafio_agscan/maturity_classes_final/1_dark_green/1_crop_1686_1433_1784_1527_0.61.jpg,0,1_dark_green,crop_1686_1433_1784_1527_0.61.jpg
/home/nery/desafio_agscan/maturity_classes_final/2_yellowish_green/2_crop_1611_802_1669_871_0.44.jpg,1,2_yellowish_green,crop_1611_802_1669_871_0.44.jpg
/home/nery/desafio_agscan/maturity_classes_final/3_light_orange/3_crop_1538_2682_1724_2842_0.91.jpg,2,3_light_orange,crop_1538_2682_1724_2842_0.91.jpg
/home/nery/desafio_agscan/maturity_classes_final/4_ripe_orange/4_crop_3_3158_108_3285_0.43.jpg,3,4_ripe_orange,crop_3_3158_108_3285_0.43.jpg
/home/nery/desafio_agscan/maturity_classes_final/1_dark_green/1_crop_1233_1217_1402_1402_0.90.jpg,0,1_dark_green,crop_1233_1217_1402_1402_0.90.jpg
/home/nery/desafio_agscan/maturity_classes_final/2_yellowish_green/2_crop_2197_1062_2291_1155_0.67.jpg,1,2_yellowish_green,crop_2197_1062_2291_1155_0.67.jpg
/home/nery/desafio_agscan/maturity_classes_final/3_light_orange/3_crop_2273_1903_2338_1978_0.65.jpg,2,3_light_orange,crop_2273_1903_2338_1978_0.65.jpg
/home/nery/desafio_agscan/maturity_classes_final/4_ripe_orange/4_crop_632_958_712_1046_0.84.jpg,3,4_ripe_orange,crop_632_958_712_1046_0.84.jpg
/home/nery/desafio_agscan/maturity_classes_final/1_dark_green/1_crop_1148_27_1233_109_0.67.jpg,0,1_dark_green,crop_1148_27_1233_109_0.67.jpg
/home/nery/desafio_agscan/maturity_classes_final/2_yellowish_green/2_crop_2916_1071_2966_1118_0.75.jpg,1,2_yellowish_green,crop_2916_1071_2966_1118_0.75.jpg
/home/nery/desafio_agscan/maturity_classes_final/3_light_orange/3_crop_2249_1556_2316_1629_0.83.jpg,2,3_light_orange,crop_2249_1556_2316_1629_0.83.jpg
/home/nery/desafio_agscan/maturity_classes_final/4_ripe_orange/4_crop_2449_2770_2540_2859_0.68.jpg,3,4_ripe_orange,crop_2449_2770_2540_2859_0.68.jpg
/home/nery/desafio_agscan/maturity_classes_final/1_dark_green/1_crop_1019_199_1074_252_0.60.jpg,0,1_dark_green,crop_1019_199_1074_252_0.60.jpg
/home/nery/desafio_agscan/maturity_classes_final/2_yellowish_green/2_crop_925_3366_1045_3497_0.43.jpg,1,2_yellowish_green,crop_925_3366_1045_3497_0.43.jpg
/home/nery/desafio_agscan/maturity_classes_final/3_light_orange/3_crop_152_361_235_474_0.41.jpg,2,3_light_orange,crop_152_361_235_474_0.41.jpg
/home/nery/desafio_agscan/maturity_classes_final/4_ripe_orange/4_crop_2792_1488_2843_1542_0.43.jpg,3,4_ripe_orange,crop_2792_1488_2843_1542_0.43.jpg
/home/nery/desafio_agscan/maturity_classes_final/1_dark_green/1_crop_1321_2288_1415_2396_0.87.jpg,0,1_dark_green,crop_1321_2288_1415_2396_0.87.jpg
/home/nery/desafio_agscan/maturity_classes_final/2_yellowish_green/2_crop_616_560_756_682_0.85.jpg,1,2_yellowish_green,crop_616_560_756_682_0.85.jpg
/home/nery/desafio_agscan/maturity_classes_final/3_light_orange/3_crop_1127_1002_1185_1072_0.31.jpg,2,3_light_orange,crop_1127_1002_1185_1072_0.31.jpg
/home/nery/desafio_agscan/maturity_classes_final/4_ripe_orange/4_crop_1324_1186_1390_1257_0.66.jpg,3,4_ripe_orange,crop_1324_1186_1390_1257_0.66.jpg
/home/nery/desafio_agscan/maturity_classes_final/1_dark_green/1_crop_294_723_426_832_0.78.jpg,0,1_dark_green,crop_294_723_426_832_0.78.jpg
/home/nery/desafio_agscan/maturity_classes_final/2_yellowish_green/2_crop_1587_473_1640_526_0.70.jpg,1,2_yellowish_green,crop_1587_473_1640_526_0.70.jpg
/home/nery/desafio_agscan/maturity_classes_final/3_light_orange/3_crop_2786_1487_2842_1543_0.42.jpg,2,3_light_orange,crop_2786_1487_2842_1543_0.42.jpg
/home/nery/desafio_agscan/maturity_classes_final/4_ripe_orange/4_crop_399_1477_552_1614_0.71.jpg,3,4_ripe_orange,crop_399_1477_552_1614_0.71.jpg
/home/nery/desafio_agscan/maturity_classes_final/1_dark_green/1_crop_1613_2787_1681_2854_0.82.jpg,0,1_dark_green,crop_1613_2787_1681_2854_0.82.jpg
/home/nery/desafio_agscan/maturity_classes_final/2_yellowish_green/2_crop_137_740_213_821_0.85.jpg,1,2_yellowish_green,crop_137_740_213_821_0.85.jpg
/home/nery/desafio_agscan/maturity_classes_final/3_light_orange/3_crop_2210_735_2267_794_0.51.jpg,2,3_light_orange,crop_2210_735_2267_794_0.51.jpg
/home/nery/desafio_agscan/maturity_classes_final/4_ripe_orange/4_crop_1020_1550_1151_1641_0.58.jpg,3,4_ripe_orange,crop_1020_1550_1151_1641_0.58.jpg
/home/nery/desafio_agscan/maturity_classes_final/1_dark_green/1_crop_2640_1189_2700_1243_0.49.jpg,0,1_dark_green,crop_2640_1189_2700_1243_0.49.jpg
/home/nery/desafio_agscan/maturity_classes_final/2_yellowish_green/2_crop_288_1538_351_1592_0.63.jpg,1,2_yellowish_green,crop_288_1538_351_1592_0.63.jpg
/home/nery/desafio_agscan/maturity_classes_final/3_light_orange/3_crop_1961_850_2067_944_0.86.jpg,2,3_light_orange,crop_1961_850_2067_944_0.86.jpg
/home/nery/desafio_agscan/maturity_classes_final/4_ripe_orange/4_crop_1135_921_1245_1006_0.36.jpg,3,4_ripe_orange,crop_1135_921_1245_1006_0.36.jpg
/home/nery/desafio_agscan/maturity_classes_final/1_dark_green/1_crop_1613_2787_1682_2854_0.49.jpg,0,1_dark_green,crop_1613_2787_1682_2854_0.49.jpg
/home/nery/desafio_agscan/maturity_classes_final/2_yellowish_green/2_crop_2675_836_2725_893_0.69.jpg,1,2_yellowish_green,crop_2675_836_2725_893_0.69.jpg
/home/nery/desafio_agscan/maturity_classes_final/3_light_orange/3_crop_2751_2025_2799_2074_0.57.jpg,2,3_light_orange,crop_2751_2025_2799_2074_0.57.jpg
/home/nery/desafio_agscan/maturity_classes_final/4_ripe_orange/4_crop_148_1739_279_1871_0.47.jpg,3,4_ripe_orange,crop_148_1739_279_1871_0.47.jpg
/home/nery/desafio_agscan/maturity_classes_final/1_dark_green/1_crop_1176_132_1259_206_0.82.jpg,0,1_dark_green,crop_1176_132_1259_206_0.82.jpg
/home/nery/desafio_agscan/maturity_classes_final/2_yellowish_green/2_crop_1743_627_1799_684_0.70.jpg,1,2_yellowish_green,crop_1743_627_1799_684_0.70.jpg
/home/nery/desafio_agscan/maturity_classes_final/3_light_orange/3_crop_1110_432_1203_578_0.84.jpg,2,3_light_orange,crop_1110_432_1203_578_0.84.jpg
/home/nery/desafio_agscan/maturity_classes_final/4_ripe_orange/4_crop_736_564_895_680_0.81.jpg,3,4_ripe_orange,crop_736_564_895_680_0.81.jpg
/home/nery/desafio_agscan/maturity_classes_final/1_dark_green/1_crop_1958_512_2004_550_0.40.jpg,0,1_dark_green,crop_1958_512_2004_550_0.40.jpg
/home/nery/desafio_agscan/maturity_classes_final/2_yellowish_green/2_crop_1348_1511_1492_1626_0.89.jpg,1,2_yellowish_green,crop_1348_1511_1492_1626_0.89.jpg
/home/nery/desafio_agscan/maturity_classes_final/3_light_orange/3_crop_2406_3641_2466_3691_0.79.jpg,2,3_light_orange,crop_2406_3641_2466_3691_0.79.jpg
/home/nery/desafio_agscan/maturity_classes_final/4_ripe_orange/4_crop_2622_1196_2674_1248_0.42.jpg,3,4_ripe_orange,crop_2622_1196_2674_1248_0.42.jpg
/home/nery/desafio_agscan/maturity_classes_final/1_dark_green/1_crop_2_979_108_1180_0.58.jpg,0,1_dark_green,crop_2_979_108_1180_0.58.jpg
/home/nery/desafio_agscan/maturity_classes_final/2_yellowish_green/2_crop_864_895_960_979_0.86.jpg,1,2_yellowish_green,crop_864_895_960_979_0.86.jpg
/home/nery/desafio_agscan/maturity_classes_final/3_light_orange/3_crop_2046_722_2120_782_0.81.jpg,2,3_light_orange,crop_2046_722_2120_782_0.81.jpg
/home/nery/desafio_agscan/maturity_classes_final/4_ripe_orange/4_crop_868_120_932_184_0.33.jpg,3,4_ripe_orange,crop_868_120_932_184_0.33.jpg
/home/nery/desafio_agscan/maturity_classes_final/1_dark_green/1_crop_1442_981_1557_1075_0.69.jpg,0,1_dark_green,crop_1442_981_1557_1075_0.69.jpg
/home/nery/desafio_agscan/maturity_classes_final/2_yellowish_green/2_crop_726_2280_891_2450_0.90.jpg,1,2_yellowish_green,crop_726_2280_891_2450_0.90.jpg
/home/nery/desafio_agscan/maturity_classes_final/3_light_orange/3_crop_813_2598_977_2740_0.88.jpg,2,3_light_orange,crop_813_2598_977_2740_0.88.jpg
/home/nery/desafio_agscan/maturity_classes_final/4_ripe_orange/4_crop_1075_1615_1234_1716_0.31.jpg,3,4_ripe_orange,crop_1075_1615_1234_1716_0.31.jpg
/home/nery/desafio_agscan/maturity_classes_final/1_dark_green/1_crop_2514_2279_2581_2344_0.79.jpg,0,1_dark_green,crop_2514_2279_2581_2344_0.79.jpg
/home/nery/desafio_agscan/maturity_classes_final/2_yellowish_green/2_crop_817_1620_929_1729_0.47.jpg,1,2_yellowish_green,crop_817_1620_929_1729_0.47.jpg
/home/nery/desafio_agscan/maturity_classes_final/3_light_orange/3_crop_949_2473_1096_2612_0.83.jpg,2,3_light_orange,crop_949_2473_1096_2612_0.83.jpg
/home/nery/desafio_agscan/maturity_classes_final/4_ripe_orange/4_crop_1237_465_1383_604_0.71.jpg,3,4_ripe_orange,crop_1237_465_1383_604_0.71.jpg
/home/nery/desafio_agscan/maturity_classes_final/1_dark_green/1_crop_521_388_629_520_0.81.jpg,0,1_dark_green,crop_521_388_629_520_0.81.jpg
/home/nery/desafio_agscan/maturity_classes_final/2_yellowish_green/2_crop_1923_306_1985_366_0.82.jpg,1,2_yellowish_green,crop_1923_306_1985_366_0.82.jpg
/home/nery/desafio_agscan/maturity_classes_final/3_light_orange/3_crop_381_714_502_824_0.48.jpg,2,3_light_orange,crop_381_714_502_824_0.48.jpg
/home/nery/desafio_agscan/maturity_classes_final/4_ripe_orange/4_crop_2835_704_2878_743_0.30.jpg,3,4_ripe_orange,crop_2835_704_2878_743_0.30.jpg
/home/nery/desafio_agscan/maturity_classes_final/1_dark_green/1_crop_85_2063_270_2263_0.87.jpg,0,1_dark_green,crop_85_2063_270_2263_0.87.jpg
/home/nery/desafio_agscan/maturity_classes_final/2_yellowish_green/2_crop_2572_1096_2654_1177_0.84.jpg,1,2_yellowish_green,crop_2572_1096_2654_1177_0.84.jpg
/home/nery/desafio_agscan/maturity_classes_final/3_light_orange/3_crop_2691_1889_2746_1934_0.54.jpg,2,3_light_orange,crop_2691_1889_2746_1934_0.54.jpg
/home/nery/desafio_agscan/maturity_classes_final/4_ripe_orange/4_crop_645_710_799_829_0.87.jpg,3,4_ripe_orange,crop_645_710_799_829_0.87.jpg
/home/nery/desafio_agscan/maturity_classes_final/1_dark_green/1_crop_1186_421_1301_541_0.74.jpg,0,1_dark_green,crop_1186_421_1301_541_0.74.jpg
/home/nery/desafio_agscan/maturity_classes_final/2_yellowish_green/2_crop_1244_36_1447_177_0.40.jpg,1,2_yellowish_green,crop_1244_36_1447_177_0.40.jpg
/home/nery/desafio_agscan/maturity_classes_final/3_light_orange/3_crop_7_642_77_741_0.49.jpg,2,3_light_orange,crop_7_642_77_741_0.49.jpg
/home/nery/desafio_agscan/maturity_classes_final/4_ripe_orange/4_crop_2155_550_2209_593_0.70.jpg,3,4_ripe_orange,crop_2155_550_2209_593_0.70.jpg
/home/nery/desafio_agscan/maturity_classes_final/1_dark_green/1_crop_1375_1021_1497_1124_0.84.jpg,0,1_dark_green,crop_1375_1021_1497_1124_0.84.jpg
/home/nery/desafio_agscan/maturity_classes_final/2_yellowish_green/2_crop_1782_3213_1884_3311_0.89.jpg,1,2_yellowish_green,crop_1782_3213_1884_3311_0.89.jpg
/home/nery/desafio_agscan/maturity_classes_final/3_light_orange/3_crop_2201_1064_2295_1151_0.49.jpg,2,3_light_orange,crop_2201_1064_2295_1151_0.49.jpg
/home/nery/desafio_agscan/maturity_classes_final/4_ripe_orange/4_crop_1668_553_1799_668_0.53.jpg,3,4_ripe_orange,crop_1668_553_1799_668_0.53.jpg
/home/nery/desafio_agscan/maturity_classes_final/1_dark_green/1_crop_540_3878_685_4014_0.87.jpg,0,1_dark_green,crop_540_3878_685_4014_0.87.jpg
/home/nery/desafio_agscan/maturity_classes_final/2_yellowish_green/2_crop_1446_2080_1567_2202_0.50.jpg,1,2_yellowish_green,crop_1446_2080_1567_2202_0.50.jpg
/home/nery/desafio_agscan/maturity_classes_final/3_light_orange/3_crop_2259_557_2308_599_0.77.jpg,2,3_light_orange,crop_2259_557_2308_599_0.77.jpg
/home/nery/desafio_agscan/maturity_classes_final/4_ripe_orange/4_crop_2766_2158_2880_2303_0.68.jpg,3,4_ripe_orange,crop_2766_2158_2880_2303_0.68.jpg
/home/nery/desafio_agscan/maturity_classes_final/1_dark_green/1_crop_106_474_165_531_0.55.jpg,0,1_dark_green,crop_106_474_165_531_0.55.jpg
/home/nery/desafio_agscan/maturity_classes_final/2_yellowish_green/2_crop_2909_2632_2976_2718_0.67.jpg,1,2_yellowish_green,crop_2909_2632_2976_2718_0.67.jpg
/home/nery/desafio_agscan/maturity_classes_final/3_light_orange/3_crop_1589_1994_1824_2201_0.88.jpg,2,3_light_orange,crop_1589_1994_1824_2201_0.88.jpg
/home/nery/desafio_agscan/maturity_classes_final/4_ripe_orange/4_crop_957_2448_1105_2618_0.89.jpg,3,4_ripe_orange,crop_957_2448_1105_2618_0.89.jpg
/home/nery/desafio_agscan/maturity_classes_final/1_dark_green/1_crop_1128_918_1239_1006_0.49.jpg,0,1_dark_green,crop_1128_918_1239_1006_0.49.jpg
/home/nery/desafio_agscan/maturity_classes_final/2_yellowish_green/2_crop_2193_1501_2332_1612_0.87.jpg,1,2_yellowish_green,crop_2193_1501_2332_1612_0.87.jpg
/home/nery/desafio_agscan/maturity_classes_final/3_light_orange/3_crop_836_2288_917_2356_0.82.jpg,2,3_light_orange,crop_836_2288_917_2356_0.82.jpg
/home/nery/desafio_agscan/maturity_classes_final/4_ripe_orange/4_crop_160_917_247_1006_0.86.jpg,3,4_ripe_orange,crop_160_917_247_1006_0.86.jpg
/home/nery/desafio_agscan/maturity_classes_final/1_dark_green/1_crop_1738_1025_1800_1084_0.79.jpg,0,1_dark_green,crop_1738_1025_1800_1084_0.79.jpg
/home/nery/desafio_agscan/maturity_classes_final/2_yellowish_green/2_crop_2271_1072_2356_1150_0.57.jpg,1,2_yellowish_green,crop_2271_1072_2356_1150_0.57.jpg
/home/nery/desafio_agscan/maturity_classes_final/3_light_orange/3_crop_1732_2124_1902_2318_0.89.jpg,2,3_light_orange,crop_1732_2124_1902_2318_0.89.jpg
/home/nery/desafio_agscan/maturity_classes_final/4_ripe_orange/4_crop_1237_465_1383_604_0.85.jpg,3,4_ripe_orange,crop_1237_465_1383_604_0.85.jpg
/home/nery/desafio_agscan/maturity_classes_final/1_dark_green/1_crop_1753_2789_1926_2921_0.72.jpg,0,1_dark_green,crop_1753_2789_1926_2921_0.72.jpg
/home/nery/desafio_agscan/maturity_classes_final/2_yellowish_green/2_crop_2073_649_2136_720_0.80.jpg,1,2_yellowish_green,crop_2073_649_2136_720_0.80.jpg
/home/nery/desafio_agscan/maturity_classes_final/3_light_orange/3_crop_2418_941_2599_1104_0.89.jpg,2,3_light_orange,crop_2418_941_2599_1104_0.89.jpg
/home/nery/desafio_agscan/maturity_classes_final/4_ripe_orange/4_crop_1375_875_1489_982_0.64.jpg,3,4_ripe_orange,crop_1375_875_1489_982_0.64.jpg
/home/nery/desafio_agscan/maturity_classes_final/1_dark_green/1_crop_1395_1149_1485_1243_0.67.jpg,0,1_dark_green,crop_1395_1149_1485_1243_0.67.jpg
/home/nery/desafio_agscan/maturity_classes_final/2_yellowish_green/2_crop_2307_2881_2385_2955_0.63.jpg,1,2_yellowish_green,crop_2307_2881_2385_2955_0.63.jpg
/home/nery/desafio_agscan/maturity_classes_final/3_light_orange/3_crop_2252_794_2336_868_0.86.jpg,2,3_light_orange,crop_2252_794_2336_868_0.86.jpg
/home/nery/desafio_agscan/maturity_classes_final/4_ripe_orange/4_crop_2672_941_2728_988_0.58.jpg,3,4_ripe_orange,crop_2672_941_2728_988_0.58.jpg
/home/nery/desafio_agscan/maturity_classes_final/1_dark_green/1_crop_1401_896_1517_1010_0.87.jpg,0,1_dark_green,crop_1401_896_1517_1010_0.87.jpg
/home/nery/desafio_agscan/maturity_classes_final/2_yellowish_green/2_crop_1766_1227_1841_1306_0.67.jpg,1,2_yellowish_green,crop_1766_1227_1841_1306_0.67.jpg
/home/nery/desafio_agscan/maturity_classes_final/3_light_orange/3_crop_2284_2460_2353_2498_0.33.jpg,2,3_light_orange,crop_2284_2460_2353_2498_0.33.jpg
/home/nery/desafio_agscan/maturity_classes_final/4_ripe_orange/4_crop_1244_856_1355_944_0.86.jpg,3,4_ripe_orange,crop_1244_856_1355_944_0.86.jpg
/home/nery/desafio_agscan/maturity_classes_final/1_dark_green/1_crop_1_945_94_1053_0.75.jpg,0,1_dark_green,crop_1_945_94_1053_0.75.jpg
/home/nery/desafio_agscan/maturity_classes_final/2_yellowish_green/2_crop_394_2409_550_2580_0.88.jpg,1,2_yellowish_green,crop_394_2409_550_2580_0.88.jpg
/home/nery/desafio_agscan/maturity_classes_final/3_light_orange/3_crop_2444_2630_2547_2698_0.69.jpg,2,3_light_orange,crop_2444_2630_2547_2698_0.69.jpg
/home/nery/desafio_agscan/maturity_classes_final/4_ripe_orange/4_crop_2282_2223_2409_2350_0.61.jpg,3,4_ripe_orange,crop_2282_2223_2409_2350_0.61.jpg
/home/nery/desafio_agscan/maturity_classes_final/1_dark_green/1_crop_956_2447_1103_2616_0.74.jpg,0,1_dark_green,crop_956_2447_1103_2616_0.74.jpg
/home/nery/desafio_agscan/maturity_classes_final/2_yellowish_green/2_crop_1005_806_1118_903_0.91.jpg,1,2_yellowish_green,crop_1005_806_1118_903_0.91.jpg
/home/nery/desafio_agscan/maturity_classes_final/3_light_orange/3_crop_1760_1629_1850_1721_0.79.jpg,2,3_light_orange,crop_1760_1629_1850_1721_0.79.jpg
/home/nery/desafio_agscan/maturity_classes_final/4_ripe_orange/4_crop_1381_733_1506_845_0.77.jpg,3,4_ripe_orange,crop_1381_733_1506_845_0.77.jpg
/home/nery/desafio_agscan/maturity_classes_final/1_dark_green/1_crop_2477_2781_2547_2853_0.80.jpg,0,1_dark_green,crop_2477_2781_2547_2853_0.80.jpg
/home/nery/desafio_agscan/maturity_classes_final/2_yellowish_green/2_crop_848_1502_957_1610_0.79.jpg,1,2_yellowish_green,crop_848_1502_957_1610_0.79.jpg
/home/nery/desafio_agscan/maturity_classes_final/3_light_orange/3_crop_549_129_621_220_0.42.jpg,2,3_light_orange,crop_549_129_621_220_0.42.jpg
/home/nery/desafio_agscan/maturity_classes_final/4_ripe_orange/4_crop_1464_2202_1676_2410_0.39.jpg,3,4_ripe_orange,crop_1464_2202_1676_2410_0.39.jpg
/home/nery/desafio_agscan/maturity_classes_final/1_dark_green/1_crop_927_3365_1046_3499_0.90.jpg,0,1_dark_green,crop_927_3365_1046_3499_0.90.jpg
/home/nery/desafio_agscan/maturity_classes_final/2_yellowish_green/2_crop_1093_78_1152_151_0.42.jpg,1,2_yellowish_green,crop_1093_78_1152_151_0.42.jpg
/home/nery/desafio_agscan/maturity_classes_final/3_light_orange/3_crop_183_2498_292_2661_0.49.jpg,2,3_light_orange,crop_183_2498_292_2661_0.49.jpg
/home/nery/desafio_agscan/maturity_classes_final/4_ripe_orange/4_crop_2758_483_2946_700_0.42.jpg,3,4_ripe_orange,crop_2758_483_2946_700_0.42.jpg
/home/nery/desafio_agscan/maturity_classes_final/1_dark_green/1_crop_2032_3259_2119_3331_0.74.jpg,0,1_dark_green,crop_2032_3259_2119_3331_0.74.jpg
/home/nery/desafio_agscan/maturity_classes_final/2_yellowish_green/2_crop_2046_724_2123_784_0.34.jpg,1,2_yellowish_green,crop_2046_724_2123_784_0.34.jpg
/home/nery/desafio_agscan/maturity_classes_final/3_light_orange/3_crop_1379_737_1507_845_0.59.jpg,2,3_light_orange,crop_1379_737_1507_845_0.59.jpg
/home/nery/desafio_agscan/maturity_classes_final/4_ripe_orange/4_crop_1063_402_1114_452_0.68.jpg,3,4_ripe_orange,crop_1063_402_1114_452_0.68.jpg
/home/nery/desafio_agscan/maturity_classes_final/1_dark_green/1_crop_1783_1439_1859_1503_0.66.jpg,0,1_dark_green,crop_1783_1439_1859_1503_0.66.jpg
/home/nery/desafio_agscan/maturity_classes_final/2_yellowish_green/2_crop_1575_2684_1692_2819_0.90.jpg,1,2_yellowish_green,crop_1575_2684_1692_2819_0.90.jpg
/home/nery/desafio_agscan/maturity_classes_final/3_light_orange/3_crop_735_564_894_680_0.38.jpg,2,3_light_orange,crop_735_564_894_680_0.38.jpg
/home/nery/desafio_agscan/maturity_classes_final/4_ripe_orange/4_crop_827_3481_983_3619_0.89.jpg,3,4_ripe_orange,crop_827_3481_983_3619_0.89.jpg
/home/nery/desafio_agscan/maturity_classes_final/1_dark_green/1_crop_1955_488_2027_559_0.80.jpg,0,1_dark_green,crop_1955_488_2027_559_0.80.jpg
/home/nery/desafio_agscan/maturity_classes_final/2_yellowish_green/2_crop_887_1248_1016_1373_0.86.jpg,1,2_yellowish_green,crop_887_1248_1016_1373_0.86.jpg
/home/nery/desafio_agscan/maturity_classes_final/3_light_orange/3_crop_2230_1012_2328_1082_0.72.jpg,2,3_light_orange,crop_2230_1012_2328_1082_0.72.jpg
/home/nery/desafio_agscan/maturity_classes_final/4_ripe_orange/4_crop_1393_1305_1484_1398_0.89.jpg,3,4_ripe_orange,crop_1393_1305_1484_1398_0.89.jpg
/home/nery/desafio_agscan/maturity_classes_final/1_dark_green/1_crop_80_1640_306_1909_0.89.jpg,0,1_dark_green,crop_80_1640_306_1909_0.89.jpg
/home/nery/desafio_agscan/maturity_classes_final/2_yellowish_green/2_crop_1023_1547_1157_1635_0.66.jpg,1,2_yellowish_green,crop_1023_1547_1157_1635_0.66.jpg
/home/nery/desafio_agscan/maturity_classes_final/3_light_orange/3_crop_700_767_791_849_0.53.jpg,2,3_light_orange,crop_700_767_791_849_0.53.jpg
/home/nery/desafio_agscan/maturity_classes_final/4_ripe_orange/4_crop_644_2186_780_2318_0.80.jpg,3,4_ripe_orange,crop_644_2186_780_2318_0.80.jpg
/home/nery/desafio_agscan/maturity_classes_final/1_dark_green/1_crop_872_2688_960_2759_0.84.jpg,0,1_dark_green,crop_872_2688_960_2759_0.84.jpg
/home/nery/desafio_agscan/maturity_classes_final/2_yellowish_green/2_crop_32_790_129_882_0.85.jpg,1,2_yellowish_green,crop_32_790_129_882_0.85.jpg
/home/nery/desafio_agscan/maturity_classes_final/3_light_orange/3_crop_1004_194_1053_249_0.31.jpg,2,3_light_orange,crop_1004_194_1053_249_0.31.jpg
/home/nery/desafio_agscan/maturity_classes_final/4_ripe_orange/4_crop_2783_851_2836_906_0.63.jpg,3,4_ripe_orange,crop_2783_851_2836_906_0.63.jpg
/home/nery/desafio_agscan/maturity_classes_final/1_dark_green/1_crop_1444_869_1538_972_0.32.jpg,0,1_dark_green,crop_1444_869_1538_972_0.32.jpg
/home/nery/desafio_agscan/maturity_classes_final/2_yellowish_green/2_crop_2151_1424_2253_1555_0.86.jpg,1,2_yellowish_green,crop_2151_1424_2253_1555_0.86.jpg
/home/nery/desafio_agscan/maturity_classes_final/3_light_orange/3_crop_406_515_562_615_0.84.jpg,2,3_light_orange,crop_406_515_562_615_0.84.jpg
/home/nery/desafio_agscan/maturity_classes_final/4_ripe_orange/4_crop_2850_772_2912_835_0.44.jpg,3,4_ripe_orange,crop_2850_772_2912_835_0.44.jpg
/home/nery/desafio_agscan/maturity_classes_final/1_dark_green/1_crop_451_3045_575_3162_0.32.jpg,0,1_dark_green,crop_451_3045_575_3162_0.32.jpg
/home/nery/desafio_agscan/maturity_classes_final/2_yellowish_green/2_crop_739_2139_870_2260_0.84.jpg,1,2_yellowish_green,crop_739_2139_870_2260_0.84.jpg
/home/nery/desafio_agscan/maturity_classes_final/3_light_orange/3_crop_2130_3554_2222_3641_0.86.jpg,2,3_light_orange,crop_2130_3554_2222_3641_0.86.jpg
/home/nery/desafio_agscan/maturity_classes_final/4_ripe_orange/4_crop_2933_3058_3009_3119_0.30.jpg,3,4_ripe_orange,crop_2933_3058_3009_3119_0.30.jpg
/home/nery/desafio_agscan/maturity_classes_final/1_dark_green/1_crop_2318_349_2375_393_0.46.jpg,0,1_dark_green,crop_2318_349_2375_393_0.46.jpg
/home/nery/desafio_agscan/maturity_classes_final/2_yellowish_green/2_crop_1607_43_1670_105_0.72.jpg,1,2_yellowish_green,crop_1607_43_1670_105_0.72.jpg
/home/nery/desafio_agscan/maturity_classes_final/3_light_orange/3_crop_1465_1019_1539_1097_0.81.jpg,2,3_light_orange,crop_1465_1019_1539_1097_0.81.jpg
/home/nery/desafio_agscan/maturity_classes_final/4_ripe_orange/4_crop_1057_231_1115_296_0.42.jpg,3,4_ripe_orange,crop_1057_231_1115_296_0.42.jpg
/home/nery/desafio_agscan/maturity_classes_final/1_dark_green/1_crop_1984_2903_2060_2988_0.85.jpg,0,1_dark_green,crop_1984_2903_2060_2988_0.85.jpg
/home/nery/desafio_agscan/maturity_classes_final/2_yellowish_green/2_crop_1026_203_1089_258_0.68.jpg,1,2_yellowish_green,crop_1026_203_1089_258_0.68.jpg
/home/nery/desafio_agscan/maturity_classes_final/3_light_orange/3_crop_2053_3037_2149_3125_0.55.jpg,2,3_light_orange,crop_2053_3037_2149_3125_0.55.jpg
/home/nery/desafio_agscan/maturity_classes_final/4_ripe_orange/4_crop_0_1930_158_2122_0.70.jpg,3,4_ripe_orange,crop_0_1930_158_2122_0.70.jpg
/home/nery/desafio_agscan/maturity_classes_final/1_dark_green/1_crop_625_1547_695_1624_0.30.jpg,0,1_dark_green,crop_625_1547_695_1624_0.30.jpg
/home/nery/desafio_agscan/maturity_classes_final/2_yellowish_green/2_crop_1241_1187_1304_1249_0.69.jpg,1,2_yellowish_green,crop_1241_1187_1304_1249_0.69.jpg
/home/nery/desafio_agscan/maturity_classes_final/3_light_orange/3_crop_845_858_931_933_0.57.jpg,2,3_light_orange,crop_845_858_931_933_0.57.jpg
/home/nery/desafio_agscan/maturity_classes_final/4_ripe_orange/4_crop_861_107_922_163_0.68.jpg,3,4_ripe_orange,crop_861_107_922_163_0.68.jpg
